"","Var1","Freq"
"1","[Rhizobium] sphaerophysae group",1
"2","28-YEA-48",2
"3","Abditibacterium",1
"4","Acaricomes",1
"5","Acetonema",1
"6","Achromobacter",36
"7","Acidibacter",67
"8","Acidicaldus",2
"9","Acidovorax",1
"10","Acinetobacter",7
"11","Actinoallomurus",1
"12","Actinobacillus",1
"13","Actinocorallia",3
"14","Actinokineospora",1
"15","Actinomadura",3
"16","Actinomycetospora",3
"17","Actinoplanes",25
"18","Actinopolymorpha",1
"19","Actinotalea",9
"20","Adhaeribacter",23
"21","ADurb.Bin063-1",5
"22","Aeromicrobium",16
"23","Aeromonas",2
"24","Aestuariimicrobium",2
"25","Aestuariivita",1
"26","Afipia",6
"27","Aggregicoccus",2
"28","Agriterribacter",12
"29","Agrobacterium",6
"30","Agromyces",9
"31","Ahniella",4
"32","Algoriphagus",2
"33","Aliihoeflea",3
"34","Alkalibacter",1
"35","Alkalihalobacterium",1
"36","Allorhizobium",1
"37","Allosphingosinicella",7
"38","Allostreptomyces",1
"39","alphaI cluster",5
"40","Alteraurantiacibacter",1
"41","Altererythrobacter",4
"42","Altericroceibacterium",2
"43","Amaricoccus",5
"44","Aminipila",1
"45","Aminobacter",11
"46","Ammoniibacillus",19
"47","Ammoniphilus",18
"48","Amycolatopsis",2
"49","Anaerobacterium",4
"50","Anaerocolumna",20
"51","Anaerofustis",2
"52","Anaerolinea",6
"53","Anaeromicropila",5
"54","Anaeromyxobacter",35
"55","Anaerosinus",1
"56","Anaerosporomusa",33
"57","Anaerotaenia",12
"58","Anaerotignum",1
"59","Anaerotruncus",3
"60","Anaerovorax",24
"61","Ancylobacter",1
"62","Aneurinibacillus",1
"63","Angustibacter",6
"64","Anoxybacter",30
"65","Aquabacterium",2
"66","Aquamicrobium",1
"67","Aquicella",6
"68","Aquihabitans",6
"69","Aquincola",20
"70","Aquisphaera",3
"71","Archangium",15
"72","Arcticibacter",26
"73","Arenimicrobium",3
"74","Arenimonas",32
"75","Aromatoleum",28
"76","Arsenicitalea",10
"77","Arthrobacter",7
"78","Asanoa",1
"79","Asticcacaulis",5
"80","Aurantisolimonas",2
"81","Aureimonas",1
"82","Azoarcus",1
"83","Azohydromonas",16
"84","Azomonas",1
"85","Azorhizobium",1
"86","Azospirillum",36
"87","Azotobacter",3
"88","Bacillus",8
"89","Baekduia",29
"90","Bauldia",12
"91","BD1-7 clade",1
"92","Bdellovibrio",11
"93","Beijerinckia",1
"94","Belnapia",1
"95","BIyi10",29
"96","Blastococcus",5
"97","Bordetella",3
"98","Bosea",11
"99","Bradyrhizobium",3
"100","Brassicibacter",3
"101","Brevibacillus",42
"102","Brevundimonas",16
"103","Brucella",2
"104","Bryobacter",3
"105","BSV13",11
"106","Burkholderia-Caballeronia-Paraburkholderia",29
"107","Buttiauxella",4
"108","Caedibacter",5
"109","Caenimonas",27
"110","Caldicoprobacter",9
"111","Calothrix PCC-6303",1
"112","Camelimonas",3
"113","Candidatus Alysiosphaera",8
"114","Candidatus Amoebophilus",12
"115","Candidatus Arcanobacter",1
"116","Candidatus Berkiella",13
"117","Candidatus Captivus",4
"118","Candidatus Dichloromethanomonas",13
"119","Candidatus Endonucleariobacter",3
"120","Candidatus Entotheonella",1
"121","Candidatus Finniella",1
"122","Candidatus Gigarickettsia",1
"123","Candidatus Hepatincola",1
"124","Candidatus Jidaibacter",3
"125","Candidatus Latescibacter",1
"126","Candidatus Megaira",7
"127","Candidatus Metachlamydia",1
"128","Candidatus Nitrosocosmicus",1
"129","Candidatus Nucleicultrix",2
"130","Candidatus Ovatusbacter",11
"131","Candidatus Paracaedibacter",13
"132","Candidatus Protistobacter",4
"133","Candidatus Protochlamydia",6
"134","Candidatus Soleaferrea",1
"135","Candidatus Solibacter",2
"136","Candidatus Trichorickettsia",2
"137","Candidatus Udaeobacter",6
"138","Candidatus Xiphinematobacter",6
"139","Candidimonas",7
"140","Caproiciproducens",7
"141","Catenuloplanes",1
"142","Caulobacter",17
"143","Cellulomonas",28
"144","Cellulosibacter",4
"145","Cellulosimicrobium",1
"146","Cellvibrio",14
"147","Cephaloticoccus",6
"148","Chelatococcus",1
"149","Chengkuizengella",3
"150","Chitinophaga",61
"151","Christensenellaceae R-7 group",34
"152","Chryseobacterium",2
"153","Chryseolinea",14
"154","Chryseotalea",2
"155","Chthoniobacter",98
"156","Chungangia",4
"157","Ciceribacter",1
"158","Citricoccus",1
"159","Citrobacter",5
"160","Clavibacter",1
"161","Clostridioides",1
"162","Clostridium",71
"163","CM1G08",8
"164","Cohnella",95
"165","Colidextribacter",1
"166","Comamonas",10
"167","Conexibacter",12
"168","Constrictibacter",1
"169","Conyzicola",1
"170","Corallococcus",1
"171","Corticimicrobacter",11
"172","Corynebacterium",1
"173","Coxiella",10
"174","Crassaminicella",1
"175","Croceibacterium",13
"176","Crocinitomix",1
"177","Cryptosporangium",2
"178","Cupriavidus",29
"179","Cutibacterium",1
"180","Cylindrospermum PCC-7417",3
"181","Cystobacter",6
"182","Cytobacillus",2
"183","Cytophaga",12
"184","Dactylosporangium",2
"185","Daeguia",1
"186","Daejeonella",44
"187","Dankookia",1
"188","Defluviicoccus",2
"189","Dehalobacter",5
"190","Dehalobacterium",2
"191","Dehalogenimonas",1
"192","Delftia",7
"193","Desertibacter",1
"194","Desulfitibacter",1
"195","Desulfitobacterium",56
"196","Desulfocucumis",9
"197","Desulfosporosinus",67
"198","Desulfotomaculum",8
"199","Devosia",27
"200","Diaminobutyricibacter",1
"201","Dinghuibacter",5
"202","Dokdonella",1
"203","Domibacillus",2
"204","Dongia",20
"205","Duganella",3
"206","Dyadobacter",51
"207","Dyella",6
"208","Ectobacillus",1
"209","Edaphobacter",3
"210","Edaphobaculum",29
"211","Ellin516",3
"212","Ellin517",7
"213","Ellin6055",10
"214","Ellin6067",40
"215","Endobacterium",10
"216","Endomicrobium",6
"217","Enhydrobacter",1
"218","Enhygromyxa",2
"219","Ensifer",5
"220","Enterobacillus",1
"221","Enterobacter",9
"222","Enterococcus",4
"223","Enterovirga",1
"224","Eoetvoesia",3
"225","Epulopiscium",2
"226","Ercella",1
"227","Escherichia-Shigella",8
"228","Faecalicatena",1
"229","Falsibacillus",1
"230","Ferdinandcohnia",1
"231","Ferrovibrio",3
"232","Ferruginibacter",16
"233","FFCH7168",19
"234","Fictibacillus",1
"235","Filomicrobium",2
"236","Fimbriiglobus",4
"237","Fimbriimonas",1
"238","Flaviaestuariibacter",6
"239","Flavihumibacter",2
"240","Flavisolibacter",71
"241","Flavitalea",33
"242","Flavobacterium",98
"243","Fluviicola",15
"244","Fontibacillus",5
"245","Fonticella",21
"246","Fontimonas",2
"247","Frateuria",11
"248","Frigoribacterium",2
"249","Gaiella",15
"250","Galbitalea",6
"251","Geminicoccus",18
"252","Gemmata",4
"253","Gemmatimonas",75
"254","Geodermatophilus",5
"255","Geomonas",22
"256","Georgenia",4
"257","Georgfuchsia",2
"258","Geotalea",3
"259","Glutamicibacter",1
"260","Gorillibacterium",48
"261","Gracilibacter",14
"262","Gynurincola",8
"263","Haemophilus",1
"264","Hafnia-Obesumbacterium",9
"265","Haloactinopolyspora",2
"266","Haloplasma",5
"267","Hassallia",1
"268","Herbaspirillum",9
"269","Herbiconiux",1
"270","Herbidospora",1
"271","Herbinix",3
"272","Herminiimonas",12
"273","Herpetosiphon",1
"274","Heyndrickxia",3
"275","Hirschia",11
"276","HN-HF0106",13
"277","Humitalea",1
"278","Hyalangium",1
"279","Hydrogenispora",4
"280","Hydrogenoanaerobacterium",1
"281","Hydrogenophaga",24
"282","Hylemonella",1
"283","Hypericibacter",5
"284","Hyphomicrobium",24
"285","I-8",1
"286","Iamia",4
"287","Ignavibacterium",1
"288","IheB3-7",1
"289","Ilumatobacter",3
"290","Ilyomonas",1
"291","IMCC26134",2
"292","IMCC26207",5
"293","Indiicoccus",1
"294","Inquilinus",3
"295","Intrasporangium",4
"296","IS-44",31
"297","Isosphaera",1
"298","Jahnella",1
"299","Janthinobacterium",2
"300","Jatrophihabitans",2
"301","JCM 18997",5
"302","JG30a-KF-32",1
"303","Kaistia",8
"304","KD3-10",4
"305","Kineosporia",2
"306","Kineothrix",1
"307","Kluyvera",1
"308","Knoellia",3
"309","Kofleria",2
"310","Kribbella",3
"311","Labrys",6
"312","Lachnoclostridium",2
"313","Lacibacterium",3
"314","Lacisediminimonas",17
"315","Larkinella",2
"316","Lautropia",29
"317","LD29",40
"318","Legionella",58
"319","Leifsonia",4
"320","Lelliottia",6
"321","Lentimicrobium",3
"322","Lentzea",3
"323","Leptothrix",4
"324","Limnobacter",4
"325","Limnohabitans",1
"326","Litchfieldia",1
"327","Litorilinea",1
"328","Longimicrobium",19
"329","Lonsdalea",1
"330","Luedemannella",1
"331","Luteibacter",4
"332","Luteimonas",13
"333","Luteitalea",54
"334","Luteolibacter",36
"335","Lutispora",12
"336","Lysinibacillus",8
"337","Lysinibacter",1
"338","Lysobacter",63
"339","Magnetospirillum",12
"340","Mangrovicella",3
"341","Mangrovihabitans",2
"342","Margalitia",1
"343","Marinicrinis",20
"344","Marisediminicola",2
"345","Marmoricola",8
"346","Massilia",113
"347","Melittangium",1
"348","Mesobacillus",7
"349","Mesorhizobium",11
"350","Metabacillus",1
"351","Metasolibacillus",2
"352","Methanobacterium",1
"353","Methanocella",1
"354","Methanomassiliicoccus",3
"355","Methanosarcina",5
"356","Methylibium",8
"357","Methylobacter",10
"358","Methylobacterium",3
"359","Methylocaldum",1
"360","Methylocella",2
"361","Methylomicrobium",1
"362","Methylophilus",3
"363","Methylorosula",5
"364","Methylorubrum",4
"365","Methylotenera",9
"366","Methylovorus",2
"367","Microbacterium",9
"368","Microbispora",2
"369","Microcella",1
"370","Microlunatus",2
"371","Micromonospora",12
"372","Micropepsis",2
"373","Microvirga",43
"374","Minicystis",1
"375","mle1-7",15
"376","MM2",13
"377","MND1",19
"378","Mobilitalea",12
"379","Modestobacter",3
"380","Moheibacter",2
"381","Monoglobus",6
"382","Mucilaginibacter",26
"383","Muricomes",1
"384","Mycobacterium",85
"385","Mycoplana",5
"386","Myxococcus",10
"387","Nakamurella",6
"388","Nannocystis",1
"389","Nemorincola",2
"390","Neo-b11",4
"391","Neobacillus",38
"392","Neochlamydia",2
"393","Neorhizobium",8
"394","Niabella",9
"395","Niallia",23
"396","Niastella",16
"397","Nissabacter",1
"398","Nitratireductor",1
"399","Nitrobacter",7
"400","Nitrolancea",4
"401","Nitrosomonas",3
"402","Nitrosospira",32
"403","Nitrospira",16
"404","Niveitalea",22
"405","NK4A214 group",6
"406","Nocardia",2
"407","Nocardioides",108
"408","Nodularia PCC-9350",1
"409","Nonomuraea",2
"410","Nordella",7
"411","Nostoc PCC-73102",10
"412","Nostoc PCC-7524",2
"413","Noviherbaspirillum",98
"414","Novosphingobium",12
"415","Novosphingopyxis",8
"416","Nubsella",9
"417","Oerskovia",1
"418","Ohtaekwangia",34
"419","OLB12",2
"420","OLB13",2
"421","OLB17",1
"422","Oleiharenicola",23
"423","Oligoflexus",48
"424","OM27 clade",18
"425","Opitutus",112
"426","Ornithinibacter",2
"427","Orrella",2
"428","Oryzihumus",1
"429","Oryzobacter",2
"430","Ottowia",1
"431","Oxalicibacterium",15
"432","Oxalobacter",3
"433","Oxalophagus",11
"434","Oxobacter",19
"435","P3OB-42",5
"436","P3OB-51",1
"437","Paenarthrobacter",2
"438","Paenibacillus",1588
"439","Paenisporosarcina",1
"440","Pajaroellobacter",17
"441","Paludirhabdus",5
"442","Paludisphaera",5
"443","Panacagrimonas",5
"444","Panacibacter",2
"445","Pandoraea",2
"446","Pantoea",6
"447","Papillibacter",7
"448","Paraclostridium",1
"449","Paracoccus",3
"450","Paraconexibacter",4
"451","Paradesulfitobacterium",3
"452","Parafilimonas",3
"453","Paraflavitalea",6
"454","Paraherbaspirillum",3
"455","Paralcaligenes",1
"456","Parapedobacter",2
"457","Pararcticibacter",10
"458","Pararhizobium",6
"459","Parasegetibacter",13
"460","Parvibaculum",3
"461","Parviterribacter",22
"462","Patulibacter",6
"463","Paucibacter",3
"464","Pedobacter",92
"465","Pedococcus-Phycicoccus",5
"466","Pedomicrobium",10
"467","Pedosphaera",5
"468","Pelosinus",15
"469","Pelotalea",6
"470","Peredibacter",8
"471","Peribacillus",8
"472","Persicitalea",2
"473","Phaeodactylibacter",1
"474","Phaselicystis",16
"475","Phenylobacterium",28
"476","Phormidesmis ANT.L52.6",1
"477","Phormidium CYN64",2
"478","Pigmentiphaga",7
"479","Pir4 lineage",11
"480","Pirellula",29
"481","Piscinibacter",12
"482","Planctomicrobium",2
"483","Planctopirus",1
"484","Planosporangium",4
"485","Pleomorphomonas",3
"486","Plot4-2H12",2
"487","Polaromonas",3
"488","Pontibacter",4
"489","possible genus 04",7
"490","Povalibacter",3
"491","Priestia",8
"492","Procabacter",1
"493","Promicromonospora",1
"494","Propionicicella",3
"495","Providencia",2
"496","Pseudactinotalea",2
"497","Pseudaminobacter",12
"498","Pseudarthrobacter",3
"499","Pseudobacter",5
"500","Pseudochrobactrum",1
"501","Pseudocitrobacter",3
"502","Pseudoduganella",5
"503","Pseudoflavitalea",7
"504","Pseudolabrys",22
"505","Pseudomonas",81
"506","Pseudonocardia",12
"507","Pseudorhodoferax",11
"508","Pseudorhodoplanes",8
"509","Pseudoxanthobacter",2
"510","Pseudoxanthomonas",29
"511","Psychroglaciecola",1
"512","Puia",1
"513","Pullulanibacillus",3
"514","Pulveribacter",1
"515","Qipengyuania",1
"516","Rahnella",3
"517","Ralstonia",3
"518","Ramlibacter",76
"519","Reyranella",21
"520","Rhizobacter",17
"521","Rhizobium",23
"522","Rhizocola",1
"523","Rhizomicrobium",2
"524","Rhizorhabdus",10
"525","Rhodanobacter",17
"526","Rhodococcus",22
"527","Rhodocytophaga",14
"528","Rhodoferax",1
"529","Rhodoligotrophos",1
"530","Rhodomicrobium",3
"531","Rhodopila",1
"532","Rhodoplanes",10
"533","Rhodopseudomonas",6
"534","Rhodovastum",2
"535","Rivibacter",4
"536","Roseateles",3
"537","Roseicella",1
"538","Roseimicrobium",4
"539","Roseisolibacter",1
"540","Roseomonas",12
"541","Rossellomorea",2
"542","Rubellimicrobium",2
"543","Rubinisphaera",1
"544","Rubrivivax",1
"545","Rubrobacter",4
"546","Ruminiclostridium",152
"547","Ruminococcus",1
"548","Rummeliibacillus",2
"549","Runella",1
"550","Rurimicrobium",7
"551","s3t2d-1089",1
"552","Saccharedens",1
"553","Salinispora",1
"554","Sandaracinus",9
"555","Schinkia",14
"556","Schlesneria",1
"557","Scytonema UTEX 2349",1
"558","Sedimentibacter",26
"559","Sediminibacillus",1
"560","Sediminibacterium",1
"561","Sediminihabitans",2
"562","Segetibacter",4
"563","SH-PL14",9
"564","Shinella",10
"565","Siccirubricoccus",2
"566","Singulisphaera",9
"567","Sinirhodobacter",1
"568","Skermanella",9
"569","SM1A02",1
"570","Smaragdicoccus",1
"571","SN8",1
"572","Solibacillus",1
"573","Solirubrobacter",61
"574","Solitalea",1
"575","Sorangium",5
"576","Sphingobacterium",22
"577","Sphingobium",22
"578","Sphingomonas",50
"579","Sphingopyxis",6
"580","Sphingosinicella",2
"581","Sphingosinithalassobacter",14
"582","Sporacetigenium",1
"583","Sporichthya",1
"584","Sporobacter",18
"585","Sporocytophaga",8
"586","Sporomusa",14
"587","Sporosarcina",2
"588","Staphylococcus",1
"589","Starkeya",2
"590","Stella",5
"591","Stenotrophomonas",31
"592","Steroidobacter",80
"593","Streptococcus",2
"594","Streptomyces",15
"595","Streptosporangium",1
"596","Subgroup 10",30
"597","Sulfurifustis",1
"598","Sulfurivermis",2
"599","Sumerlaea",46
"600","Sutcliffiella",1
"601","SWB02",2
"602","Swionibacillus",2
"603","Symbiobacterium",2
"604","Syntrophomonas",2
"605","Taibaiella",28
"606","Taonella",1
"607","Tardiphaga",3
"608","Tautonia",7
"609","Telluria",4
"610","Telluribacter",3
"611","Tepidibacillus",1
"612","Tepidisphaera",1
"613","Terrabacter",2
"614","Terracoccus",1
"615","Terrimesophilobacter",1
"616","Terrimicrobium",28
"617","Terrimonas",33
"618","Tessaracoccus",1
"619","TG3",1
"620","Thalassiella",1
"621","Thalassobaculum",3
"622","Thermincola",6
"623","Thermomonas",2
"624","Thiobacillus",12
"625","TM7a",69
"626","Tolumonas",1
"627","Truepera",1
"628","Tsuneonella",1
"629","Tumebacillus",176
"630","Tundrisphaera",4
"631","Tychonema CCAP 1459-11B",1
"632","type III",13
"633","Tyzzerella",1
"634","UBA12409",1
"635","UBA12411",3
"636","Uliginosibacterium",1
"637","Umezawaea",1
"638","UTBCD1",4
"639","UTCFX1",4
"640","Vampirovibrio",6
"641","Variibacter",1
"642","Variovorax",19
"643","Verruc-01",1
"644","Verrucomicrobium",9
"645","Verrucosispora",1
"646","Verticiella",1
"647","Vicinamibacter",5
"648","Virgisporangium",1
"649","Vulgatibacter",37
"650","WCHB1-32",31
"651","Williamsia",2
"652","Xanthomonas",4
"653","Xenophilus",1
"654","Xylanibacillus",1
"655","Xylanimonas",1
"656","Xylophilus",14
"657","YC-ZSS-LKJ147",43
"658","Youhaiella",1
"659","Zhengella",3
